week_start_dt,week_end_dt,vietnam_season,p_color,price,total_volume,brazil,india,vietnam,indonesia,china,brazil_season,indonesia_season,india_season,china_season,jordan_max_price,jordan_min_price,demand,supply,month,year,DayOfMonth
2015-12-28,2016-01-03,2,green,6.599075,1596040.2,10793.5,65658.1,1519588.5,0.0,0.0,False,False,False,False,6.625,6.325,0.5,0.5,12,2015,28
2015-12-28,2016-01-03,2,red,7.1753350000000005,1596040.2,10793.5,65658.1,1519588.5,0.0,0.0,False,False,False,False,7.525,7.125,0.51,0.5,12,2015,28
2015-12-28,2016-01-03,2,yellow,7.300575,1596040.2,10793.5,65658.1,1519588.5,0.0,0.0,False,False,False,False,7.425,7.025,16.55,0.5,12,2015,28
2016-01-04,2016-01-10,2,yellow,7.379675000000001,2295578.0,5677.8,15274.4,2274625.7,0.0,0.0,False,False,False,False,7.525,7.025,271.16,0.5,1,2016,4
2016-01-04,2016-01-10,2,red,7.1753350000000005,2295578.0,5677.8,15274.4,2274625.7,0.0,0.0,False,False,False,False,7.625,7.125,42.33,0.5,1,2016,4
2016-01-04,2016-01-10,2,green,6.599075,2295578.0,5677.8,15274.4,2274625.7,0.0,0.0,False,False,False,False,6.625,6.325,0.58,0.5,1,2016,4
2016-01-11,2016-01-17,2,yellow,7.200005000000001,2418196.7,26727.0,72230.2,2319239.4,0.0,0.0,False,False,False,False,7.525,7.125,712.22,0.5,1,2016,11
2016-01-11,2016-01-17,2,red,7.1753350000000005,2418196.7,26727.0,72230.2,2319239.4,0.0,0.0,False,False,False,False,7.625,7.325,28.52,0.5,1,2016,11
2016-01-11,2016-01-17,2,green,6.599075,2418196.7,26727.0,72230.2,2319239.4,0.0,0.0,False,False,False,False,6.725,6.325,0.63,0.5,1,2016,11
2016-01-18,2016-01-24,2,yellow,7.200005000000001,2774383.5,85537.4,51157.6,2637688.5,0.0,0.0,False,False,False,False,7.525,7.25,701.26,0.5,1,2016,18
2016-01-18,2016-01-24,2,green,6.599075,2774383.5,85537.4,51157.6,2637688.5,0.0,0.0,False,False,False,False,6.725,6.325,6.25,0.5,1,2016,18
2016-01-18,2016-01-24,2,red,7.1753350000000005,2774383.5,85537.4,51157.6,2637688.5,0.0,0.0,False,False,False,False,7.625,7.225,58.010000000000005,0.5,1,2016,18
2016-01-25,2016-01-31,2,yellow,7.200005000000001,2503155.4,115289.9,57268.7,2330596.7,0.0,0.0,False,False,False,False,7.425,7.225,753.0899999999999,0.5,1,2016,25
2016-01-25,2016-01-31,2,green,6.499635,2503155.4,115289.9,57268.7,2330596.7,0.0,0.0,False,False,False,False,6.725,6.325,5.44,0.5,1,2016,25
2016-01-25,2016-01-31,2,red,7.1753350000000005,2503155.4,115289.9,57268.7,2330596.7,0.0,0.0,False,False,False,False,7.625,7.025,22.67,0.5,1,2016,25
2016-02-01,2016-02-07,2,yellow,7.150285,1930968.2,181222.3,79730.1,1670015.7,0.0,0.0,False,False,False,False,7.425,6.825,1342.04,0.5,2,2016,1
2016-02-01,2016-02-07,2,red,7.144825,1930968.2,181222.3,79730.1,1670015.7,0.0,0.0,False,False,False,False,7.425,6.725,105.61,0.5,2,2016,1
2016-02-01,2016-02-07,2,green,6.499635,1930968.2,181222.3,79730.1,1670015.7,0.0,0.0,False,False,False,False,6.625,6.225,9.24,0.5,2,2016,1
2016-02-08,2016-02-14,2,red,6.985495,1896731.2,92421.4,33788.0,1770521.8,0.0,0.0,False,False,False,False,7.325,6.825,34.160000000000004,0.5,2,2016,8
2016-02-08,2016-02-14,2,green,6.349345,1896731.2,92421.4,33788.0,1770521.8,0.0,0.0,False,False,False,False,6.625,6.225,38.28,0.5,2,2016,8
2016-02-08,2016-02-14,2,yellow,7.125425,1896731.2,92421.4,33788.0,1770521.8,0.0,0.0,False,False,False,False,7.325,6.825,361.04,0.5,2,2016,8
2016-02-15,2016-02-21,2,yellow,7.200005000000001,1798854.9,93660.2,25153.1,1680041.5,0.0,0.0,False,False,False,False,7.425,6.825,643.8,0.5,2,2016,15
2016-02-15,2016-02-21,2,green,6.349345,1798854.9,93660.2,25153.1,1680041.5,0.0,0.0,False,False,False,False,6.625,6.325,11.06,0.5,2,2016,15
2016-02-15,2016-02-21,2,red,6.924475,1798854.9,93660.2,25153.1,1680041.5,0.0,0.0,False,False,False,False,7.325,6.825,34.09,0.5,2,2016,15
2016-02-22,2016-02-28,2,yellow,7.220345,2178384.1,211996.1,42386.6,1924001.4,0.0,0.0,False,False,False,False,7.325,6.925,867.96,0.5,2,2016,22
2016-02-22,2016-02-28,2,red,6.825035,2178384.1,211996.1,42386.6,1924001.4,0.0,0.0,False,False,False,False,7.325,6.825,42.18,0.5,2,2016,22
2016-02-22,2016-02-28,2,green,6.349345,2178384.1,211996.1,42386.6,1924001.4,0.0,0.0,False,False,False,False,6.525,6.225,19.44,0.5,2,2016,22
2016-02-29,2016-03-06,2,yellow,7.224865,2364682.6,303703.3,28653.3,2032325.8,0.0,0.0,False,False,False,False,7.325,7.025,728.03,0.5,2,2016,29
2016-02-29,2016-03-06,2,red,6.649885,2364682.6,303703.3,28653.3,2032325.8,0.0,0.0,False,False,False,False,7.225,6.725,19.35,0.5,2,2016,29
2016-02-29,2016-03-06,2,green,6.349345,2364682.6,303703.3,28653.3,2032325.8,0.0,0.0,False,False,False,False,6.525,6.225,4.5,0.5,2,2016,29
2016-03-07,2016-03-13,3,red,6.649885,2208782.3,264377.9,0.0,1944404.3,0.0,0.0,False,False,False,False,7.025,6.625,50.11,0.5,3,2016,7
2016-03-07,2016-03-13,3,yellow,7.200005000000001,2208782.3,264377.9,0.0,1944404.3,0.0,0.0,False,False,False,False,7.325,6.925,823.47,0.5,3,2016,7
2016-03-07,2016-03-13,3,green,6.350474999999999,2208782.3,264377.9,0.0,1944404.3,0.0,0.0,False,False,False,False,6.525,6.225,33.19,0.5,3,2016,7
2016-03-14,2016-03-20,3,green,6.350474999999999,2647120.3,453094.5,0.0,2194025.8,0.0,0.0,False,False,False,False,6.525,6.025,8.3,0.5,3,2016,14
2016-03-14,2016-03-20,3,red,6.649885,2647120.3,453094.5,0.0,2194025.8,0.0,0.0,False,False,False,False,7.025,6.325,26.110000000000003,0.5,3,2016,14
2016-03-14,2016-03-20,3,yellow,7.135595,2647120.3,453094.5,0.0,2194025.8,0.0,0.0,False,False,False,False,7.325,6.825,651.2,0.5,3,2016,14
2016-03-21,2016-03-27,3,red,6.649885,1675599.1,496298.0,0.0,1179301.1,0.0,0.0,False,False,False,False,6.925,6.625,49.18,0.5,3,2016,21
2016-03-21,2016-03-27,3,green,6.350474999999999,1675599.1,496298.0,0.0,1179301.1,0.0,0.0,False,False,False,False,6.425,6.125,24.96,0.5,3,2016,21
2016-03-21,2016-03-27,3,yellow,7.135595,1675599.1,496298.0,0.0,1179301.1,0.0,0.0,False,False,False,False,7.325,7.025,690.85,0.5,3,2016,21
2016-03-28,2016-04-03,3,yellow,7.135595,2376159.2,497057.0,0.0,1879102.2,0.0,0.0,True,False,False,False,7.325,7.025,602.8199999999999,0.5,3,2016,28
2016-03-28,2016-04-03,3,red,6.649885,2376159.2,497057.0,0.0,1879102.2,0.0,0.0,True,False,False,False,7.025,6.725,53.91,0.5,3,2016,28
2016-03-28,2016-04-03,3,green,6.350474999999999,2376159.2,497057.0,0.0,1879102.2,0.0,0.0,True,False,False,False,6.425,6.025,3.21,0.5,3,2016,28
2016-04-04,2016-04-10,3,yellow,7.0316350000000005,2343080.9,408222.4,0.0,1934858.5,0.0,0.0,True,False,False,False,7.325,7.025,1035.91,0.5,4,2016,4
2016-04-04,2016-04-10,3,green,6.299625,2343080.9,408222.4,0.0,1934858.5,0.0,0.0,True,False,False,False,6.225,6.025,22.06,0.5,4,2016,4
2016-04-04,2016-04-10,3,red,6.620505,2343080.9,408222.4,0.0,1934858.5,0.0,0.0,True,False,False,False,7.025,6.625,20.58,0.5,4,2016,4
2016-04-11,2016-04-17,3,red,6.620505,2595721.4,586661.0,0.0,2009060.3,0.0,0.0,True,False,False,False,6.825,6.625,40.19,0.5,4,2016,11
2016-04-11,2016-04-17,3,yellow,7.049715000000001,2595721.4,586661.0,0.0,2009060.3,0.0,0.0,True,False,False,False,7.325,7.025,700.3399999999999,0.5,4,2016,11
2016-04-11,2016-04-17,3,green,6.299625,2595721.4,586661.0,0.0,2009060.3,0.0,0.0,True,False,False,False,6.225,6.025,32.52,0.5,4,2016,11
2016-04-18,2016-04-24,3,yellow,7.049715000000001,2397823.4,626471.1,0.0,1771352.3,0.0,0.0,True,False,False,False,7.325,6.925,1014.66,0.5,4,2016,18
2016-04-18,2016-04-24,3,red,6.600165,2397823.4,626471.1,0.0,1771352.3,0.0,0.0,True,False,False,False,6.825,6.525,60.1,0.5,4,2016,18
2016-04-18,2016-04-24,3,green,6.299625,2397823.4,626471.1,0.0,1771352.3,0.0,0.0,True,False,False,False,6.225,6.025,11.63,0.5,4,2016,18
2016-04-25,2016-05-01,3,green,6.299625,2239303.4,647778.5,0.0,1591524.8,0.0,0.0,True,False,False,False,6.325,6.025,10.35,0.5,4,2016,25
2016-04-25,2016-05-01,3,red,6.600165,2239303.4,647778.5,0.0,1591524.8,0.0,0.0,True,False,False,False,6.825,6.625,90.94,0.5,4,2016,25
2016-04-25,2016-05-01,3,yellow,7.200005000000001,2239303.4,647778.5,0.0,1591524.8,0.0,0.0,True,False,False,False,7.425,7.025,1145.83,0.5,4,2016,25
2016-05-02,2016-05-08,3,yellow,7.600025,2035893.0,615520.6,0.0,1420372.4,0.0,0.0,True,False,False,False,8.025,7.425,791.55,0.5,5,2016,2
2016-05-02,2016-05-08,3,green,6.299625,2035893.0,615520.6,0.0,1420372.4,0.0,0.0,True,False,False,False,6.525,6.225,15.28,0.5,5,2016,2
2016-05-02,2016-05-08,3,red,6.699605,2035893.0,615520.6,0.0,1420372.4,0.0,0.0,True,False,False,False,7.225,6.625,65.42999999999999,0.5,5,2016,2
2016-05-09,2016-05-15,3,yellow,8.400065,2168782.4,711249.7,0.0,1457532.7,0.0,0.0,True,False,False,False,8.925,8.125,907.34,0.5,5,2016,9
2016-05-09,2016-05-15,3,red,7.549365,2168782.4,711249.7,0.0,1457532.7,0.0,0.0,True,False,False,False,7.825,6.925,35.33,0.5,5,2016,9
2016-05-09,2016-05-15,3,green,6.699645,2168782.4,711249.7,0.0,1457532.7,0.0,0.0,True,False,False,False,7.125,6.625,6.34,0.5,5,2016,9
2016-05-16,2016-05-22,3,yellow,8.880315,2392789.6,756710.5,0.0,1588179.7,47899.3,0.0,True,False,False,False,9.225,8.625,756.4,0.5,5,2016,16
2016-05-16,2016-05-22,3,red,7.600215,2392789.6,756710.5,0.0,1588179.7,47899.3,0.0,True,False,False,False,7.925,7.425,75.25,0.5,5,2016,16
2016-05-16,2016-05-22,3,green,6.699645,2392789.6,756710.5,0.0,1588179.7,47899.3,0.0,True,False,False,False,7.325,6.625,10.62,0.5,5,2016,16
2016-05-23,2016-05-29,3,green,6.699645,2268729.5,861520.8,0.0,1339714.1,67494.4,0.0,True,False,False,False,7.125,6.725,5.75,0.5,5,2016,23
2016-05-23,2016-05-29,3,red,7.600215,2268729.5,861520.8,0.0,1339714.1,67494.4,0.0,True,False,False,False,7.925,7.425,55.39,0.5,5,2016,23
2016-05-23,2016-05-29,3,yellow,8.930035,2268729.5,861520.8,0.0,1339714.1,67494.4,0.0,True,False,False,False,9.225,8.825,591.86,0.5,5,2016,23
2016-05-30,2016-06-05,3,green,6.699645,1841337.5,648448.5,0.0,1031773.1,161115.8,0.0,True,True,False,True,7.125,6.725,6.220000000000001,0.5,5,2016,30
2016-05-30,2016-06-05,3,red,7.600215,1841337.5,648448.5,0.0,1031773.1,161115.8,0.0,True,True,False,True,7.925,7.225,40.17,0.5,5,2016,30
2016-05-30,2016-06-05,3,yellow,8.785395000000001,1841337.5,648448.5,0.0,1031773.1,161115.8,0.0,True,True,False,True,9.225,8.725,452.52,0.5,5,2016,30
2016-06-06,2016-06-12,1,green,6.775355,1909601.1,839972.5,0.0,875854.0,193774.5,0.0,True,True,False,True,7.025,6.625,7.45,0.5,6,2016,6
2016-06-06,2016-06-12,1,yellow,8.655445,1909601.1,839972.5,0.0,875854.0,193774.5,0.0,True,True,False,True,8.925,8.425,456.14,0.5,6,2016,6
2016-06-06,2016-06-12,1,red,7.674795,1909601.1,839972.5,0.0,875854.0,193774.5,0.0,True,True,False,True,7.725,7.225,81.59,0.5,6,2016,6
2016-06-13,2016-06-19,1,yellow,9.035125,1784936.3,877647.8,0.0,643842.2,263446.2,0.0,True,True,False,True,9.525,8.625,552.46,0.5,6,2016,13
2016-06-13,2016-06-19,1,red,7.800225,1784936.3,877647.8,0.0,643842.2,263446.2,0.0,True,True,False,True,8.625,7.525,45.74,0.5,6,2016,13
2016-06-13,2016-06-19,1,green,6.810385,1784936.3,877647.8,0.0,643842.2,263446.2,0.0,True,True,False,True,7.325,6.825,8.620000000000001,0.5,6,2016,13
2016-06-20,2016-06-26,1,green,7.800265,1420187.8,817560.8,0.0,315448.7,287178.1,0.0,True,True,False,True,7.925,7.525,2.18,0.5,6,2016,20
2016-06-20,2016-06-26,1,red,9.074865,1420187.8,817560.8,0.0,315448.7,287178.1,0.0,True,True,False,True,9.125,8.625,53.28,0.5,6,2016,20
2016-06-20,2016-06-26,1,yellow,10.166255,1420187.8,817560.8,0.0,315448.7,287178.1,0.0,True,True,False,True,10.525,9.625,385.61,0.5,6,2016,20
2016-06-27,2016-07-03,1,green,7.800265,2205101.9,861669.1,0.0,1038619.0,304813.8,0.0,True,True,False,True,10.195,9.335,4.5600000000000005,0.5,6,2016,27
2016-06-27,2016-07-03,1,yellow,10.000145,2205101.9,861669.1,0.0,1038619.0,304813.8,0.0,True,True,False,True,9.865,9.045,660.52,0.5,6,2016,27
2016-06-27,2016-07-03,1,red,8.299685,2205101.9,861669.1,0.0,1038619.0,304813.8,0.0,True,True,False,True,9.535,8.754999999999999,40.17,0.5,6,2016,27
2016-07-04,2016-07-10,1,red,8.099675000000001,1744590.4,700195.2,0.0,746113.1,298282.0,0.0,True,True,False,True,9.205,8.465,33.15,0.5,7,2016,4
2016-07-04,2016-07-10,1,green,7.400245,1744590.4,700195.2,0.0,746113.1,298282.0,0.0,True,True,False,True,8.875,8.175,22.15,0.5,7,2016,4
2016-07-04,2016-07-10,1,yellow,10.000145,1744590.4,700195.2,0.0,746113.1,298282.0,0.0,True,True,False,True,8.545,7.885,438.9,0.5,7,2016,4
2016-07-11,2016-07-17,1,yellow,10.400165,2367062.9,722586.1,0.0,1313536.0,330940.7,0.0,True,True,False,True,8.215,7.595,493.94,0.5,7,2016,11
2016-07-11,2016-07-17,1,red,7.800225,2367062.9,722586.1,0.0,1313536.0,330940.7,0.0,True,True,False,True,7.885,7.305,77.02000000000001,0.5,7,2016,11
2016-07-11,2016-07-17,1,green,7.515505,2367062.9,722586.1,0.0,1313536.0,330940.7,0.0,True,True,False,True,7.555,7.015,22.82,0.5,7,2016,11
2016-07-18,2016-07-24,1,green,7.000225,2217483.5,672154.3,0.0,1258151.0,287178.1,0.0,True,True,False,True,7.225,6.725,27.57,0.5,7,2016,18
2016-07-18,2016-07-24,1,red,7.550495,2217483.5,672154.3,0.0,1258151.0,287178.1,0.0,True,True,False,True,8.225,7.825,47.41,0.5,7,2016,18
2016-07-18,2016-07-24,1,yellow,10.400165,2217483.5,672154.3,0.0,1258151.0,287178.1,0.0,True,True,False,True,11.025,10.825,360.82,0.5,7,2016,18
2016-07-25,2016-07-31,1,green,6.649925,1717190.1,613771.4,0.0,824949.4,278469.2,0.0,True,True,False,True,7.025,6.525,16.45,0.5,7,2016,25
2016-07-25,2016-07-31,1,red,7.299635,1717190.1,613771.4,0.0,824949.4,278469.2,0.0,True,True,False,True,8.025,7.625,80.16,0.5,7,2016,25
2016-07-25,2016-07-31,1,yellow,9.899575,1717190.1,613771.4,0.0,824949.4,278469.2,0.0,True,True,False,True,11.025,10.025,415.72,0.5,7,2016,25
2016-08-01,2016-08-07,1,yellow,9.499555,1726132.1,486847.7,2150.3,1008523.7,228610.3,0.0,True,True,True,True,10.425,9.825,407.83,0.5,8,2016,1
2016-08-01,2016-08-07,1,green,6.499635,1726132.1,486847.7,2150.3,1008523.7,228610.3,0.0,True,True,True,True,6.825,6.425,18.06,0.5,8,2016,1
2016-08-01,2016-08-07,1,red,7.000185,1726132.1,486847.7,2150.3,1008523.7,228610.3,0.0,True,True,True,True,7.625,7.125,103.27,0.5,8,2016,1
2016-08-08,2016-08-14,1,yellow,9.350395,1532711.7,353002.4,8602.6,996815.0,174291.5,0.0,True,True,True,True,10.025,9.625,403.84,0.5,8,2016,8
2016-08-08,2016-08-14,1,red,6.950465,1532711.7,353002.4,8602.6,996815.0,174291.5,0.0,True,True,True,True,7.625,7.125,81.28999999999999,0.5,8,2016,8
2016-08-08,2016-08-14,1,green,6.484945,1532711.7,353002.4,8602.6,996815.0,174291.5,0.0,True,True,True,True,6.825,6.225,22.85,0.5,8,2016,8
2016-08-15,2016-08-21,1,yellow,9.400115,1466948.5,219179.5,27194.5,1137839.2,82735.1,0.0,True,True,True,True,10.025,9.625,367.58,0.5,8,2016,15
2016-08-15,2016-08-21,1,red,7.0996250000000005,1466948.5,219179.5,27194.5,1137839.2,82735.1,0.0,True,True,True,True,7.625,7.125,59.02,0.5,8,2016,15
2016-08-15,2016-08-21,1,green,6.484945,1466948.5,219179.5,27194.5,1137839.2,82735.1,0.0,True,True,True,True,6.625,6.225,12.95,0.5,8,2016,15
2016-08-22,2016-08-28,1,green,6.699645,1743556.2,180720.6,34375.1,1426130.1,102330.3,0.0,True,True,True,True,7.525,7.025,49.56,0.5,8,2016,22
2016-08-22,2016-08-28,1,red,7.699655,1743556.2,180720.6,34375.1,1426130.1,102330.3,0.0,True,True,True,True,8.325,7.825,146.27,0.5,8,2016,22
2016-08-22,2016-08-28,1,yellow,9.649845,1743556.2,180720.6,34375.1,1426130.1,102330.3,0.0,True,True,True,True,10.025,9.625,429.31000000000006,0.5,8,2016,22
2016-08-29,2016-09-04,1,yellow,10.000145,1871188.7,150348.8,34472.7,1605809.2,80557.9,0.0,False,False,True,True,10.525,10.025,432.63,0.5,8,2016,29
2016-08-29,2016-09-04,1,red,8.550545,1871188.7,150348.8,34472.7,1605809.2,80557.9,0.0,False,False,True,True,8.825,8.425,122.79,0.5,8,2016,29
2016-08-29,2016-09-04,1,green,7.150515,1871188.7,150348.8,34472.7,1605809.2,80557.9,0.0,False,False,True,True,8.025,7.425,27.81,0.5,8,2016,29
2016-09-05,2016-09-11,1,green,8.400295,1835932.2,136681.5,49199.9,1608683.2,41367.5,0.0,False,False,True,True,8.625,8.025,8.209999999999999,0.5,9,2016,5
2016-09-05,2016-09-11,1,red,9.450025,1835932.2,136681.5,49199.9,1608683.2,41367.5,0.0,False,False,True,True,9.925,9.325,94.75,0.5,9,2016,5
2016-09-05,2016-09-11,1,yellow,10.200155,1835932.2,136681.5,49199.9,1608683.2,41367.5,0.0,False,False,True,True,10.925,10.225,608.21,0.5,9,2016,5
2016-09-12,2016-09-18,1,red,9.825185,1570299.8,120488.9,76517.8,1347166.0,26126.8,0.0,False,False,True,True,10.025,9.525,109.71,0.5,9,2016,12
2016-09-12,2016-09-18,1,green,8.674885,1570299.8,120488.9,76517.8,1347166.0,26126.8,0.0,False,False,True,True,8.925,8.325,21.29,0.5,9,2016,12
2016-09-12,2016-09-18,1,yellow,10.375305,1570299.8,120488.9,76517.8,1347166.0,26126.8,0.0,False,False,True,True,10.925,10.425,718.83,0.5,9,2016,12
2016-09-19,2016-09-25,1,green,8.674885,1644264.6,105043.9,104884.5,1429981.6,4354.4,0.0,False,False,True,True,9.025,8.525,26.96,0.5,9,2016,19
2016-09-19,2016-09-25,1,red,9.775465,1644264.6,105043.9,104884.5,1429981.6,4354.4,0.0,False,False,True,True,10.525,10.025,115.2,0.5,9,2016,19
2016-09-19,2016-09-25,1,yellow,10.200155,1644264.6,105043.9,104884.5,1429981.6,4354.4,0.0,False,False,True,True,10.925,10.325,578.2,0.5,9,2016,19
2016-09-26,2016-10-02,1,red,9.550595,1229244.0,21220.2,166514.8,1039331.7,2177.2,0.0,False,False,True,False,10.525,10.025,98.68,0.5,9,2016,26
2016-09-26,2016-10-02,1,green,8.349445,1229244.0,21220.2,166514.8,1039331.7,2177.2,0.0,False,False,True,False,10.675,10.025,38.4,0.5,9,2016,26
2016-09-26,2016-10-02,1,yellow,9.649845,1229244.0,21220.2,166514.8,1039331.7,2177.2,0.0,False,False,True,False,10.825,10.025,591.9399999999999,0.5,9,2016,26
2016-10-03,2016-10-09,2,yellow,10.026135,810169.3,7959.9,178926.1,623283.2,0.0,0.0,False,False,True,False,11.525,10.325,534.77,0.5,10,2016,3
2016-10-03,2016-10-09,2,red,9.821795000000002,810169.3,7959.9,178926.1,623283.2,0.0,0.0,False,False,True,False,11.225,10.325,91.11,0.5,10,2016,3
2016-10-03,2016-10-09,2,green,8.450015,810169.3,7959.9,178926.1,623283.2,0.0,0.0,False,False,True,False,11.325,10.6,34.410000000000004,0.5,10,2016,3
2016-10-10,2016-10-16,2,green,8.819525,519716.3,83.9,136157.7,383474.7,0.0,0.0,False,False,True,False,11.425,10.875,59.02,0.5,10,2016,10
2016-10-10,2016-10-16,2,red,10.295265,519716.3,83.9,136157.7,383474.7,0.0,0.0,False,False,True,False,11.525,11.15,81.53,0.5,10,2016,10
2016-10-10,2016-10-16,2,yellow,10.466835,519716.3,83.9,136157.7,383474.7,0.0,0.0,False,False,True,False,11.625,11.425,591.75,0.5,10,2016,10
2016-10-17,2016-10-23,2,red,10.200345,2535424.0,0.0,188819.2,2346604.7,0.0,0.0,False,False,True,False,11.675,11.375,82.39,0.5,10,2016,17
2016-10-17,2016-10-23,2,green,8.969815,2535424.0,0.0,188819.2,2346604.7,0.0,0.0,False,False,True,False,11.725,11.325,48.3,0.5,10,2016,17
2016-10-17,2016-10-23,2,yellow,10.350445,2535424.0,0.0,188819.2,2346604.7,0.0,0.0,False,False,True,False,11.774999999999999,11.275,371.28,0.5,10,2016,17
2016-10-24,2016-10-30,2,yellow,10.474745,2484989.7,0.0,244778.2,2240211.4,0.0,0.0,False,False,True,False,11.825,11.225,463.28,0.5,10,2016,24
2016-10-24,2016-10-30,2,red,9.400305,2484989.7,0.0,244778.2,2240211.4,0.0,0.0,False,False,True,False,10.825,9.425,36.28,0.5,10,2016,24
2016-10-24,2016-10-30,2,green,8.450015,2484989.7,0.0,244778.2,2240211.4,0.0,0.0,False,False,True,False,9.825,7.825,36.47,0.5,10,2016,24
2016-10-31,2016-11-06,2,yellow,10.449885,1729423.8,0.0,200362.2,1529061.6,0.0,0.0,False,False,False,False,11.025,9.725,477.81000000000006,0.5,10,2016,31
2016-10-31,2016-11-06,2,red,8.099675000000001,1729423.8,0.0,200362.2,1529061.6,0.0,0.0,False,False,False,False,9.225,7.525,34.739999999999995,0.5,10,2016,31
2016-10-31,2016-11-06,2,green,7.499685,1729423.8,0.0,200362.2,1529061.6,0.0,0.0,False,False,False,False,7.825,6.525,45.59,0.5,10,2016,31
2016-11-07,2016-11-13,2,yellow,8.501765,1572656.7,0.0,172975.1,1399681.5,0.0,0.0,False,False,False,False,10.225,9.025,520.21,0.5,11,2016,7
2016-11-07,2016-11-13,2,red,6.944815,1572656.7,0.0,172975.1,1399681.5,0.0,0.0,False,False,False,False,7.825,6.525,53.02,0.5,11,2016,7
2016-11-07,2016-11-13,2,green,6.426185,1572656.7,0.0,172975.1,1399681.5,0.0,0.0,False,False,False,False,6.825,6.425,16.619999999999997,0.5,11,2016,7
2016-11-14,2016-11-20,2,green,6.426185,1445429.8,0.0,121743.2,1323686.5,0.0,0.0,False,False,False,False,6.825,6.325,42.37,0.5,11,2016,14
2016-11-14,2016-11-20,2,yellow,8.200055,1445429.8,0.0,121743.2,1323686.5,0.0,0.0,False,False,False,False,8.725,7.825,512.5600000000001,0.5,11,2016,14
2016-11-14,2016-11-20,2,red,6.800175,1445429.8,0.0,121743.2,1323686.5,0.0,0.0,False,False,False,False,7.025,6.525,44.65,0.5,11,2016,14
2016-11-21,2016-11-27,2,green,6.600205,1204099.2,0.0,27717.0,1176382.2,0.0,0.0,False,False,False,False,6.825,6.325,31.03,0.5,11,2016,21
2016-11-21,2016-11-27,2,red,6.800175,1204099.2,0.0,27717.0,1176382.2,0.0,0.0,False,False,False,False,7.025,6.625,26.78,0.5,11,2016,21
2016-11-21,2016-11-27,2,yellow,7.474595000000001,1204099.2,0.0,27717.0,1176382.2,0.0,0.0,False,False,False,False,7.925,7.625,392.17,0.5,11,2016,21
2016-11-28,2016-12-04,2,yellow,7.766135,1585440.5,0.0,102705.8,1482734.6,0.0,0.0,False,False,False,False,8.225,7.625,679.8100000000001,0.5,11,2016,28
2016-11-28,2016-12-04,2,red,6.8058250000000005,1585440.5,0.0,102705.8,1482734.6,0.0,0.0,False,False,False,False,7.125,6.825,29.22,0.5,11,2016,28
2016-11-28,2016-12-04,2,green,6.525625,1585440.5,0.0,102705.8,1482734.6,0.0,0.0,False,False,False,False,6.725,6.425,30.77,0.5,11,2016,28
2016-12-05,2016-12-11,2,yellow,8.300625,1872762.7,2937.0,84606.7,1785218.9,0.0,0.0,False,False,False,False,8.425,8.025,560.62,0.5,12,2016,5
2016-12-05,2016-12-11,2,green,6.734675,1872762.7,2937.0,84606.7,1785218.9,0.0,0.0,False,False,False,False,6.925,6.625,42.32,0.5,12,2016,5
2016-12-05,2016-12-11,2,red,7.0996250000000005,1872762.7,2937.0,84606.7,1785218.9,0.0,0.0,False,False,False,False,7.225,7.025,29.26,0.5,12,2016,5
2016-12-12,2016-12-18,2,yellow,8.600075,1885337.6,125.8,56404.1,1828807.6,0.0,0.0,False,False,False,False,8.725,8.625,669.76,0.5,12,2016,12
2016-12-12,2016-12-18,2,red,7.290595000000001,1885337.6,125.8,56404.1,1828807.6,0.0,0.0,False,False,False,False,7.325,7.125,54.120000000000005,0.5,12,2016,12
2016-12-12,2016-12-18,2,green,6.750495,1885337.6,125.8,56404.1,1828807.6,0.0,0.0,False,False,False,False,6.925,6.625,40.62,0.5,12,2016,12
2016-12-19,2016-12-25,2,red,7.290595000000001,1770781.4,3222.4,42070.3,1725488.6,0.0,0.0,False,False,False,False,7.425,7.125,54.220000000000006,0.5,12,2016,19
2016-12-19,2016-12-25,2,green,6.699645,1770781.4,3222.4,42070.3,1725488.6,0.0,0.0,False,False,False,False,6.825,6.625,41.04,0.5,12,2016,19
2016-12-19,2016-12-25,2,yellow,8.630585,1770781.4,3222.4,42070.3,1725488.6,0.0,0.0,False,False,False,False,8.825,8.625,671.8,0.5,12,2016,19
2016-12-26,2017-01-01,2,red,7.134655,1592131.5,2256.0,46423.2,1543452.2,0.0,0.0,False,False,False,False,7.425,7.125,43.86,0.5,12,2016,26
2016-12-26,2017-01-01,2,yellow,8.600075,1592131.5,2256.0,46423.2,1543452.2,0.0,0.0,False,False,False,False,8.825,8.625,1047.49,0.5,12,2016,26
2016-12-26,2017-01-01,2,green,6.600205,1592131.5,2256.0,46423.2,1543452.2,0.0,0.0,False,False,False,False,6.825,6.425,26.97,0.5,12,2016,26
2017-01-02,2017-01-08,2,yellow,8.600075,1856111.5,7124.1,69239.3,1779748.1,0.0,0.0,False,False,False,False,8.825,8.625,765.95,0.5,1,2017,2
2017-01-02,2017-01-08,2,green,6.600205,1856111.5,7124.1,69239.3,1779748.1,0.0,0.0,False,False,False,False,6.825,6.325,14.13,0.5,1,2017,2
2017-01-02,2017-01-08,2,red,7.134655,1856111.5,7124.1,69239.3,1779748.1,0.0,0.0,False,False,False,False,7.425,7.125,54.620000000000005,0.5,1,2017,2
2017-01-09,2017-01-15,2,red,7.060075,2436859.7,9779.9,66614.1,2360465.6,0.0,0.0,False,False,False,False,7.425,7.125,37.22,0.5,1,2017,9
2017-01-09,2017-01-15,2,yellow,8.540185000000001,2436859.7,9779.9,66614.1,2360465.6,0.0,0.0,False,False,False,False,8.825,8.525,760.86,0.5,1,2017,9
2017-01-09,2017-01-15,2,green,6.449915,2436859.7,9779.9,66614.1,2360465.6,0.0,0.0,False,False,False,False,6.625,6.325,31.59,0.5,1,2017,9
2017-01-16,2017-01-22,2,green,6.499635,2522279.6,37517.1,65584.7,2419177.6,0.0,0.0,False,False,False,False,6.625,6.425,8.49,0.5,1,2017,16
2017-01-16,2017-01-22,2,red,7.109795,2522279.6,37517.1,65584.7,2419177.6,0.0,0.0,False,False,False,False,7.425,7.125,39.29,0.5,1,2017,16
2017-01-16,2017-01-22,2,yellow,8.750365,2522279.6,37517.1,65584.7,2419177.6,0.0,0.0,False,False,False,False,8.825,8.525,901.6,0.5,1,2017,16
2017-01-23,2017-01-29,2,yellow,8.301755,2008823.8,46629.1,50396.9,1911797.7,0.0,0.0,False,False,False,False,8.625,8.425,827.4399999999999,0.5,1,2017,23
2017-01-23,2017-01-29,2,green,6.499635,2008823.8,46629.1,50396.9,1911797.7,0.0,0.0,False,False,False,False,6.625,6.425,92.62,0.5,1,2017,23
2017-01-23,2017-01-29,2,red,7.235225,2008823.8,46629.1,50396.9,1911797.7,0.0,0.0,False,False,False,False,7.525,7.325,105.94,0.5,1,2017,23
2017-01-30,2017-02-05,2,yellow,8.074625000000001,1511557.9,55980.6,52445.8,1403131.5,0.0,0.0,False,False,False,False,8.525,8.025,791.36,0.5,1,2017,30
2017-01-30,2017-02-05,2,red,7.200195,1511557.9,55980.6,52445.8,1403131.5,0.0,0.0,False,False,False,False,7.525,7.325,95.43,0.5,1,2017,30
2017-01-30,2017-02-05,2,green,6.499635,1511557.9,55980.6,52445.8,1403131.5,0.0,0.0,False,False,False,False,6.625,6.425,14.01,0.5,1,2017,30
2017-02-06,2017-02-12,2,green,6.499635,1327045.5,13395.6,45841.2,1267808.6,0.0,0.0,False,False,False,False,6.825,6.425,27.660000000000004,0.5,2,2017,6
2017-02-06,2017-02-12,2,yellow,8.360515,1327045.5,13395.6,45841.2,1267808.6,0.0,0.0,False,False,False,False,8.825,8.025,333.9,0.5,2,2017,6
2017-02-06,2017-02-12,2,red,7.400205000000001,1327045.5,13395.6,45841.2,1267808.6,0.0,0.0,False,False,False,False,7.725,7.325,84.22999999999999,0.5,2,2017,6
2017-02-13,2017-02-19,2,green,7.099665,1846076.3,51421.3,47065.8,1747589.1,0.0,0.0,False,False,False,False,7.725,7.025,14.66,0.5,2,2017,13
2017-02-13,2017-02-19,2,yellow,9.168465,1846076.3,51421.3,47065.8,1747589.1,0.0,0.0,False,False,False,False,9.925,9.325,541.4399999999999,0.5,2,2017,13
2017-02-13,2017-02-19,2,red,8.099675000000001,1846076.3,51421.3,47065.8,1747589.1,0.0,0.0,False,False,False,False,8.825,7.725,52.1,0.5,2,2017,13
2017-02-20,2017-02-26,2,yellow,10.001275,2178829.3,105384.9,46366.5,2027077.8,0.0,0.0,False,False,False,False,10.425,9.925,631.77,0.5,2,2017,20
2017-02-20,2017-02-26,2,red,8.950565000000001,2178829.3,105384.9,46366.5,2027077.8,0.0,0.0,False,False,False,False,9.525,9.025,71.01,0.5,2,2017,20
2017-02-20,2017-02-26,2,green,7.699695,2178829.3,105384.9,46366.5,2027077.8,0.0,0.0,False,False,False,False,8.425,7.525,87.21000000000001,0.5,2,2017,20
2017-02-27,2017-03-05,2,yellow,9.575265,2085150.6,178913.1,57136.9,1849100.5,0.0,0.0,False,False,False,False,10.225,9.925,446.89,0.5,2,2017,27
2017-02-27,2017-03-05,2,red,8.480485000000002,2085150.6,178913.1,57136.9,1849100.5,0.0,0.0,False,False,False,False,9.025,8.725,50.94,0.5,2,2017,27
2017-02-27,2017-03-05,2,green,7.600255000000001,2085150.6,178913.1,57136.9,1849100.5,0.0,0.0,False,False,False,False,8.225,7.325,17.85,0.5,2,2017,27
2017-03-06,2017-03-12,3,red,8.099675000000001,1928053.9,231126.9,31444.4,1665482.5,0.0,0.0,False,False,False,False,8.625,8.325,108.56,0.5,3,2017,6
2017-03-06,2017-03-12,3,green,7.499685,1928053.9,231126.9,31444.4,1665482.5,0.0,0.0,False,False,False,False,7.825,6.825,39.33,0.5,3,2017,6
2017-03-06,2017-03-12,3,yellow,9.975285,1928053.9,231126.9,31444.4,1665482.5,0.0,0.0,False,False,False,False,10.225,9.925,418.92,0.5,3,2017,6
2017-03-13,2017-03-19,3,green,7.000225,1959124.1,284871.9,16646.0,1657606.1,0.0,0.0,False,False,False,False,7.525,6.825,63.94,0.5,3,2017,13
2017-03-13,2017-03-19,3,yellow,10.000145,1959124.1,284871.9,16646.0,1657606.1,0.0,0.0,False,False,False,False,10.225,10.025,424.96,0.5,3,2017,13
2017-03-13,2017-03-19,3,red,8.124535,1959124.1,284871.9,16646.0,1657606.1,0.0,0.0,False,False,False,False,8.625,8.225,109.15,0.5,3,2017,13
2017-03-20,2017-03-26,3,red,8.124535,1654153.7,207227.3,48313.0,1398613.3,0.0,0.0,False,False,False,False,8.525,8.225,95.33,0.5,3,2017,20
2017-03-20,2017-03-26,3,green,7.000225,1654153.7,207227.3,48313.0,1398613.3,0.0,0.0,False,False,False,False,7.525,6.825,70.05,0.5,3,2017,20
2017-03-20,2017-03-26,3,yellow,9.824995,1654153.7,207227.3,48313.0,1398613.3,0.0,0.0,False,False,False,False,10.225,9.825,410.45,0.5,3,2017,20
2017-03-27,2017-04-02,3,green,7.099665,1951614.4,298682.2,30421.7,1622510.5,0.0,0.0,True,False,False,False,7.525,7.225,65.42,0.5,3,2017,27
2017-03-27,2017-04-02,3,red,8.200245,1951614.4,298682.2,30421.7,1622510.5,0.0,0.0,True,False,False,False,8.425,8.225,87.13,0.5,3,2017,27
2017-03-27,2017-04-02,3,yellow,9.899575,1951614.4,298682.2,30421.7,1622510.5,0.0,0.0,True,False,False,False,10.025,9.825,408.73,0.5,3,2017,27
2017-04-03,2017-04-09,3,yellow,9.874715,2040805.9,361036.9,12831.1,1666937.8,0.0,0.0,True,False,False,False,10.125,9.825,416.6,0.5,4,2017,3
2017-04-03,2017-04-09,3,red,8.350535,2040805.9,361036.9,12831.1,1666937.8,0.0,0.0,True,False,False,False,8.925,8.425,89.31,0.5,4,2017,3
2017-04-03,2017-04-09,3,green,7.394595000000001,2040805.9,361036.9,12831.1,1666937.8,0.0,0.0,True,False,False,False,7.725,7.225,44.53,0.5,4,2017,3
2017-04-10,2017-04-16,3,yellow,10.254395,1442767.5,391984.5,8729.1,1039876.5,2177.2,0.0,True,False,False,False,10.325,10.125,454.23,0.5,4,2017,10
2017-04-10,2017-04-16,3,red,8.649985000000001,1442767.5,391984.5,8729.1,1039876.5,2177.2,0.0,True,False,False,False,9.025,8.725,73.47,0.5,4,2017,10
2017-04-10,2017-04-16,3,green,7.625115000000001,1442767.5,391984.5,8729.1,1039876.5,2177.2,0.0,True,False,False,False,7.825,7.625,45.78,0.5,4,2017,10
2017-04-17,2017-04-23,3,yellow,10.379825,2309145.7,468248.5,10714.8,1830182.3,0.0,0.0,True,False,False,False,10.725,10.425,443.7600000000001,0.5,4,2017,17
2017-04-17,2017-04-23,3,green,8.099715,2309145.7,468248.5,10714.8,1830182.3,0.0,0.0,True,False,False,False,8.125,7.825,31.77,0.5,4,2017,17
2017-04-17,2017-04-23,3,red,9.050005,2309145.7,468248.5,10714.8,1830182.3,0.0,0.0,True,False,False,False,9.125,8.925,104.91,0.5,4,2017,17
2017-04-24,2017-04-30,3,green,8.150565,2212364.9,558068.7,4305.8,1643458.6,6531.7,0.0,True,False,False,False,8.125,7.825,45.86,0.5,4,2017,24
2017-04-24,2017-04-30,3,red,9.250015,2212364.9,558068.7,4305.8,1643458.6,6531.7,0.0,True,False,False,False,9.425,8.925,107.55,0.5,4,2017,24
2017-04-24,2017-04-30,3,yellow,10.684925,2212364.9,558068.7,4305.8,1643458.6,6531.7,0.0,True,False,False,False,10.825,10.425,488.2,0.5,4,2017,24
2017-05-01,2017-05-07,3,yellow,10.099585,1833937.6,535680.2,645.0,1278258.9,19353.3,0.0,True,False,False,False,10.525,10.225,599.22,0.5,5,2017,1
2017-05-01,2017-05-07,3,red,9.050005,1833937.6,535680.2,645.0,1278258.9,19353.3,0.0,True,False,False,False,9.325,8.825,119.55,0.5,5,2017,1
2017-05-01,2017-05-07,3,green,7.924565,1833937.6,535680.2,645.0,1278258.9,19353.3,0.0,True,False,False,False,8.125,7.825,46.27,0.5,5,2017,1
2017-05-08,2017-05-14,3,yellow,10.200155,2083852.4,516322.5,0.0,1421304.3,146225.6,0.0,True,False,False,False,10.525,10.225,410.22,0.5,5,2017,8
2017-05-08,2017-05-14,3,red,8.899715,2083852.4,516322.5,0.0,1421304.3,146225.6,0.0,True,False,False,False,9.325,8.825,117.36,0.5,5,2017,8
2017-05-08,2017-05-14,3,green,7.649975,2083852.4,516322.5,0.0,1421304.3,146225.6,0.0,True,False,False,False,7.825,7.625,71.34,0.5,5,2017,8
2017-05-15,2017-05-21,3,yellow,10.200155,2145264.4,528257.9,0.0,1324555.2,292451.1,0.0,True,False,False,False,10.425,10.225,461.89,0.5,5,2017,15
2017-05-15,2017-05-21,3,red,8.899715,2145264.4,528257.9,0.0,1324555.2,292451.1,0.0,True,False,False,False,9.025,8.625,97.52,0.5,5,2017,15
2017-05-15,2017-05-21,3,green,7.649975,2145264.4,528257.9,0.0,1324555.2,292451.1,0.0,True,False,False,False,7.825,7.625,57.53,0.5,5,2017,15
2017-05-22,2017-05-28,3,red,8.550545,2013121.4,528615.3,0.0,1056581.2,427924.8,0.0,True,False,False,False,8.825,8.425,95.44,0.5,5,2017,22
2017-05-22,2017-05-28,3,green,7.600255000000001,2013121.4,528615.3,0.0,1056581.2,427924.8,0.0,True,False,False,False,8.025,7.625,81.4,0.5,5,2017,22
2017-05-22,2017-05-28,3,yellow,9.800135,2013121.4,528615.3,0.0,1056581.2,427924.8,0.0,True,False,False,False,10.325,9.825,431.96,0.5,5,2017,22
2017-05-29,2017-06-04,3,yellow,9.649845,1884811.5,401885.3,0.0,1078655.4,404270.7,0.0,True,True,False,True,10.025,9.425,377.33,0.5,5,2017,29
2017-05-29,2017-06-04,3,green,7.600255000000001,1884811.5,401885.3,0.0,1078655.4,404270.7,0.0,True,True,False,True,7.825,7.725,31.59,0.5,5,2017,29
2017-05-29,2017-06-04,3,red,8.449975,1884811.5,401885.3,0.0,1078655.4,404270.7,0.0,True,True,False,True,8.625,8.425,82.99,0.5,5,2017,29
2017-06-05,2017-06-11,1,yellow,9.524595,2164210.9,390179.1,0.0,1131069.3,642962.4,0.0,True,True,False,True,9.825,9.425,434.1,0.5,6,2017,5
2017-06-05,2017-06-11,1,red,8.465975,2164210.9,390179.1,0.0,1131069.3,642962.4,0.0,True,True,False,True,8.825,8.425,92.3,0.5,6,2017,5
2017-06-05,2017-06-11,1,green,7.685185000000001,2164210.9,390179.1,0.0,1131069.3,642962.4,0.0,True,True,False,True,8.025,7.725,27.67,0.5,6,2017,5
2017-06-12,2017-06-18,1,green,7.815135000000001,2120759.4,341978.3,0.0,1215382.4,563398.5,0.0,True,True,False,True,8.325,8.025,22.32,0.5,6,2017,12
2017-06-12,2017-06-18,1,red,8.790285,2120759.4,341978.3,0.0,1215382.4,563398.5,0.0,True,True,False,True,9.225,8.725,110.88,0.5,6,2017,12
2017-06-12,2017-06-18,1,yellow,9.550585,2120759.4,341978.3,0.0,1215382.4,563398.5,0.0,True,True,False,True,9.725,9.425,465.39,0.5,6,2017,12
2017-06-19,2017-06-25,1,green,8.099895,2227846.6,369759.0,0.0,1345545.4,512542.1,0.0,True,True,False,True,8.325,8.025,30.94,0.5,6,2017,19
2017-06-19,2017-06-25,1,red,9.260365,2227846.6,369759.0,0.0,1345545.4,512542.1,0.0,True,True,False,True,9.225,8.725,138.42000000000002,0.5,6,2017,19
2017-06-19,2017-06-25,1,yellow,9.524595,2227846.6,369759.0,0.0,1345545.4,512542.1,0.0,True,True,False,True,9.725,9.525,427.35,0.5,6,2017,19
2017-06-26,2017-07-02,1,green,8.149615,1819471.0,372118.4,0.0,961367.5,485985.0,0.0,True,True,False,True,8.525,8.225,36.99,0.5,6,2017,26
2017-06-26,2017-07-02,1,red,9.314605,1819471.0,372118.4,0.0,961367.5,485985.0,0.0,True,True,False,True,9.625,9.125,110.55,0.5,6,2017,26
2017-06-26,2017-07-02,1,yellow,9.499735,1819471.0,372118.4,0.0,961367.5,485985.0,0.0,True,True,False,True,9.525,9.125,452.55,0.5,6,2017,26
2017-07-03,2017-07-09,1,red,9.524785,1628829.9,222667.5,0.0,993290.0,412872.2,0.0,True,True,False,True,9.725,9.625,109.24,0.5,7,2017,3
2017-07-03,2017-07-09,1,green,8.149615,1628829.9,222667.5,0.0,993290.0,412872.2,0.0,True,True,False,True,8.425,8.225,49.73,0.5,7,2017,3
2017-07-03,2017-07-09,1,yellow,9.099715,1628829.9,222667.5,0.0,993290.0,412872.2,0.0,True,True,False,True,9.425,9.025,395.69,0.5,7,2017,3
2017-07-10,2017-07-16,1,green,8.015145,1994214.2,424870.1,0.0,1225283.8,344060.1,0.0,True,True,False,True,8.425,8.025,28.2,0.5,7,2017,10
2017-07-10,2017-07-16,1,red,9.120245,1994214.2,424870.1,0.0,1225283.8,344060.1,0.0,True,True,False,True,9.625,9.225,92.0,0.5,7,2017,10
2017-07-10,2017-07-16,1,yellow,8.899704999999999,1994214.2,424870.1,0.0,1225283.8,344060.1,0.0,True,True,False,True,9.225,8.925,461.66,0.5,7,2017,10
2017-07-17,2017-07-23,1,red,8.724745,1757096.9,363790.7,0.0,1100855.0,292451.1,0.0,True,True,False,True,9.325,8.825,71.91,0.5,7,2017,17
2017-07-17,2017-07-23,1,yellow,9.000275,1757096.9,363790.7,0.0,1100855.0,292451.1,0.0,True,True,False,True,9.425,9.025,504.18,0.5,7,2017,17
2017-07-17,2017-07-23,1,green,7.625295,1757096.9,363790.7,0.0,1100855.0,292451.1,0.0,True,True,False,True,8.425,8.025,35.61,0.5,7,2017,17
2017-07-24,2017-07-30,1,yellow,9.544935,1621026.0,259942.0,0.0,976166.6,384917.3,0.0,True,True,False,True,10.725,9.225,434.78,0.5,7,2017,24
2017-07-24,2017-07-30,1,red,8.850175,1621026.0,259942.0,0.0,976166.6,384917.3,0.0,True,True,False,True,9.425,8.825,93.75,0.5,7,2017,24
2017-07-24,2017-07-30,1,green,7.850165,1621026.0,259942.0,0.0,976166.6,384917.3,0.0,True,True,False,True,8.525,7.925,30.43,0.5,7,2017,24
2017-07-31,2017-08-06,1,red,9.774515,1489367.7,169733.5,31022.6,998310.7,290300.8,0.0,True,True,True,True,10.625,9.225,105.84,0.5,7,2017,31
2017-07-31,2017-08-06,1,green,8.514605,1489367.7,169733.5,31022.6,998310.7,290300.8,0.0,True,True,True,True,9.125,8.025,23.02,0.5,7,2017,31
2017-07-31,2017-08-06,1,yellow,10.920145,1489367.7,169733.5,31022.6,998310.7,290300.8,0.0,True,True,True,True,11.925,10.725,408.14,0.5,7,2017,31
2017-08-07,2017-08-13,1,yellow,12.106645,1748216.0,147471.4,89164.1,1193324.7,318255.7,0.0,True,True,True,True,13.025,11.825,449.31000000000006,0.5,8,2017,7
2017-08-07,2017-08-13,1,green,8.949655,1748216.0,147471.4,89164.1,1193324.7,318255.7,0.0,True,True,True,True,9.525,8.625,55.04,0.5,8,2017,7
2017-08-07,2017-08-13,1,red,10.580205,1748216.0,147471.4,89164.1,1193324.7,318255.7,0.0,True,True,True,True,11.325,10.625,118.95,0.5,8,2017,7
2017-08-14,2017-08-20,1,red,11.225435,1688313.3,100696.5,141318.7,1194704.0,251594.0,0.0,True,True,True,True,11.825,10.725,101.18,0.5,8,2017,14
2017-08-14,2017-08-20,1,yellow,12.899905,1688313.3,100696.5,141318.7,1194704.0,251594.0,0.0,True,True,True,True,13.325,12.525,526.51,0.5,8,2017,14
2017-08-14,2017-08-20,1,green,9.568895,1688313.3,100696.5,141318.7,1194704.0,251594.0,0.0,True,True,True,True,9.525,8.825,72.31,0.5,8,2017,14
2017-08-21,2017-08-27,1,yellow,12.425305,1580894.7,110989.7,175535.4,1180399.5,113969.9,0.0,True,True,True,True,13.225,12.525,407.04,0.5,8,2017,21
2017-08-21,2017-08-27,1,green,9.370015,1580894.7,110989.7,175535.4,1180399.5,113969.9,0.0,True,True,True,True,9.525,8.725,48.94,0.5,8,2017,21
2017-08-21,2017-08-27,1,red,10.600545,1580894.7,110989.7,175535.4,1180399.5,113969.9,0.0,True,True,True,True,11.525,10.725,108.06,0.5,8,2017,21
2017-08-28,2017-09-03,1,green,8.899935,1257710.7,28847.9,179444.3,862335.7,187082.7,0.0,False,False,True,True,9.525,8.825,60.760000000000005,0.5,8,2017,28
2017-08-28,2017-09-03,1,red,10.609585,1257710.7,28847.9,179444.3,862335.7,187082.7,0.0,False,False,True,True,11.425,10.825,115.46,0.5,8,2017,28
2017-08-28,2017-09-03,1,yellow,12.675035,1257710.7,28847.9,179444.3,862335.7,187082.7,0.0,False,False,True,True,13.425,12.525,366.5,0.5,8,2017,28
2017-09-04,2017-09-10,1,yellow,12.949625,1691382.8,12205.1,286071.0,1128072.8,265033.8,0.0,False,False,True,True,13.925,13.325,368.28,0.5,9,2017,4
2017-09-04,2017-09-10,1,red,10.875135,1691382.8,12205.1,286071.0,1128072.8,265033.8,0.0,False,False,True,True,12.025,11.225,98.72,0.5,9,2017,4
2017-09-04,2017-09-10,1,green,8.825355,1691382.8,12205.1,286071.0,1128072.8,265033.8,0.0,False,False,True,True,9.825,9.225,13.69,0.5,9,2017,4
2017-09-11,2017-09-17,1,green,9.699975,1756315.0,1217.3,311433.0,1388722.5,54942.1,0.0,False,False,True,True,10.225,9.725,37.02,0.5,9,2017,11
2017-09-11,2017-09-17,1,yellow,13.600505,1756315.0,1217.3,311433.0,1388722.5,54942.1,0.0,False,False,True,True,14.225,13.725,405.02,0.5,9,2017,11
2017-09-11,2017-09-17,1,red,12.025475,1756315.0,1217.3,311433.0,1388722.5,54942.1,0.0,False,False,True,True,12.425,11.725,136.4,0.5,9,2017,11
2017-09-18,2017-09-24,1,green,9.499965,1839936.4,489.8,348997.4,1483998.0,6451.1,0.0,False,False,True,True,10.325,9.525,43.83,0.5,9,2017,18
2017-09-18,2017-09-24,1,red,11.774615,1839936.4,489.8,348997.4,1483998.0,6451.1,0.0,False,False,True,True,12.225,11.225,94.86,0.5,9,2017,18
2017-09-18,2017-09-24,1,yellow,13.000475,1839936.4,489.8,348997.4,1483998.0,6451.1,0.0,False,False,True,True,13.925,12.825,350.56,0.5,9,2017,18
2017-09-25,2017-10-01,1,yellow,11.334855,1592760.7,125.8,258002.2,1334632.6,0.0,0.0,False,False,True,False,13.125,11.125,326.9,0.5,9,2017,25
2017-09-25,2017-10-01,1,green,8.924795,1592760.7,125.8,258002.2,1334632.6,0.0,0.0,False,False,True,False,9.725,8.825,50.19,0.5,9,2017,25
2017-09-25,2017-10-01,1,red,10.664955,1592760.7,125.8,258002.2,1334632.6,0.0,0.0,False,False,True,False,11.225,9.625,100.36,0.5,9,2017,25
2017-10-02,2017-10-08,2,red,9.149625,1621604.0,0.0,209427.9,1412176.0,0.0,0.0,False,False,True,False,9.925,8.325,101.72,0.5,10,2017,2
2017-10-02,2017-10-08,2,yellow,10.050045,1621604.0,0.0,209427.9,1412176.0,0.0,0.0,False,False,True,False,11.425,9.425,383.75,0.5,10,2017,2
2017-10-02,2017-10-08,2,green,8.279565,1621604.0,0.0,209427.9,1412176.0,0.0,0.0,False,False,True,False,9.425,8.025,38.98,0.5,10,2017,2
2017-10-09,2017-10-15,2,green,7.800445000000001,1570710.7,0.0,160928.5,1409782.1,0.0,0.0,False,False,True,False,8.525,7.625,23.32,0.5,10,2017,9
2017-10-09,2017-10-15,2,red,8.299865,1570710.7,0.0,160928.5,1409782.1,0.0,0.0,False,False,True,False,8.825,8.025,97.3,0.5,10,2017,9
2017-10-09,2017-10-15,2,yellow,8.959595,1570710.7,0.0,160928.5,1409782.1,0.0,0.0,False,False,True,False,9.825,8.525,333.18,0.5,10,2017,9
2017-10-16,2017-10-22,2,green,7.499865000000001,1528172.0,0.0,233307.6,1294864.4,0.0,0.0,False,False,True,False,8.225,7.625,14.43,0.5,10,2017,16
2017-10-16,2017-10-22,2,yellow,8.959595,1528172.0,0.0,233307.6,1294864.4,0.0,0.0,False,False,True,False,9.825,9.125,433.95,0.5,10,2017,16
2017-10-16,2017-10-22,2,red,8.299865,1528172.0,0.0,233307.6,1294864.4,0.0,0.0,False,False,True,False,8.525,8.025,122.07,0.5,10,2017,16
2017-10-23,2017-10-29,2,red,7.929845,2011866.9,0.0,104818.2,1907048.7,0.0,0.0,False,False,True,False,8.525,7.825,96.78,0.5,10,2017,23
2017-10-23,2017-10-29,2,green,7.600435000000001,2011866.9,0.0,104818.2,1907048.7,0.0,0.0,False,False,True,False,7.925,6.925,42.7,0.5,10,2017,23
2017-10-23,2017-10-29,2,yellow,9.099715,2011866.9,0.0,104818.2,1907048.7,0.0,0.0,False,False,True,False,9.625,9.025,627.6,0.5,10,2017,23
2017-10-30,2017-11-05,2,green,6.800395,1847930.4,0.0,96703.2,1751227.1,0.0,0.0,False,False,False,False,7.425,6.625,45.79,0.5,10,2017,30
2017-10-30,2017-11-05,2,red,7.100425,1847930.4,0.0,96703.2,1751227.1,0.0,0.0,False,False,False,False,8.325,7.225,83.89,0.5,10,2017,30
2017-10-30,2017-11-05,2,yellow,8.839815,1847930.4,0.0,96703.2,1751227.1,0.0,0.0,False,False,False,False,9.625,8.825,419.54,0.5,10,2017,30
2017-11-06,2017-11-12,2,yellow,8.449965,2047515.1,0.0,80206.0,1967309.1,0.0,0.0,False,False,False,False,9.325,8.325,556.8,0.5,11,2017,6
2017-11-06,2017-11-12,2,red,6.999855,2047515.1,0.0,80206.0,1967309.1,0.0,0.0,False,False,False,False,7.725,6.925,98.69,0.5,11,2017,6
2017-11-06,2017-11-12,2,green,6.349525,2047515.1,0.0,80206.0,1967309.1,0.0,0.0,False,False,False,False,7.025,6.425,51.65,0.5,11,2017,6
2017-11-13,2017-11-19,2,red,6.824705,1679276.6,0.0,69513.9,1609762.7,0.0,0.0,False,False,False,False,7.225,6.625,80.38,0.5,11,2017,13
2017-11-13,2017-11-19,2,yellow,8.124525,1679276.6,0.0,69513.9,1609762.7,0.0,0.0,False,False,False,False,8.825,7.825,397.59,0.5,11,2017,13
2017-11-13,2017-11-19,2,green,6.349525,1679276.6,0.0,69513.9,1609762.7,0.0,0.0,False,False,False,False,6.725,6.425,95.61,0.5,11,2017,13
2017-11-20,2017-11-26,2,green,6.400375,1242926.2,0.0,51701.7,1191224.4,0.0,0.0,False,False,False,False,6.725,6.425,53.36,0.5,11,2017,20
2017-11-20,2017-11-26,2,yellow,7.899655000000001,1242926.2,0.0,51701.7,1191224.4,0.0,0.0,False,False,False,False,8.025,7.625,453.7600000000001,0.5,11,2017,20
2017-11-20,2017-11-26,2,red,6.799845,1242926.2,0.0,51701.7,1191224.4,0.0,0.0,False,False,False,False,7.025,6.825,63.85,0.5,11,2017,20
2017-11-27,2017-12-03,2,green,6.740505000000001,1437702.6,0.0,25401.9,1412300.6,0.0,0.0,False,False,False,False,7.425,6.625,11.64,0.5,11,2017,27
2017-11-27,2017-12-03,2,red,7.100425,1437702.6,0.0,25401.9,1412300.6,0.0,0.0,False,False,False,False,7.825,7.025,99.23,0.5,11,2017,27
2017-11-27,2017-12-03,2,yellow,7.715465,1437702.6,0.0,25401.9,1412300.6,0.0,0.0,False,False,False,False,8.625,7.525,625.17,0.5,11,2017,27
2017-12-04,2017-12-10,2,red,7.750175,1795527.9,0.0,37956.3,1757571.6,0.0,0.0,False,False,False,False,8.825,7.825,119.04,0.5,12,2017,4
2017-12-04,2017-12-10,2,green,7.299855000000001,1795527.9,0.0,37956.3,1757571.6,0.0,0.0,False,False,False,False,8.025,7.025,55.82000000000001,0.5,12,2017,4
2017-12-04,2017-12-10,2,yellow,8.576525,1795527.9,0.0,37956.3,1757571.6,0.0,0.0,False,False,False,False,9.225,8.425,542.98,0.5,12,2017,4
2017-12-11,2017-12-17,2,red,8.325345,2068127.6,1778.6,22273.1,2044075.7,0.0,0.0,False,False,False,False,8.825,8.425,99.91,0.5,12,2017,11
2017-12-11,2017-12-17,2,yellow,9.159605,2068127.6,1778.6,22273.1,2044075.7,0.0,0.0,False,False,False,False,9.425,9.225,437.05,0.5,12,2017,11
2017-12-11,2017-12-17,2,green,7.619645,2068127.6,1778.6,22273.1,2044075.7,0.0,0.0,False,False,False,False,8.025,7.525,63.14,0.5,12,2017,11
2017-12-18,2017-12-24,2,red,8.185225,2430297.7,16171.2,20478.5,2393647.8,0.0,0.0,False,False,False,False,8.825,8.425,87.47,0.5,12,2017,18
2017-12-18,2017-12-24,2,green,7.425285000000001,2430297.7,16171.2,20478.5,2393647.8,0.0,0.0,False,False,False,False,7.725,7.225,43.29,0.5,12,2017,18
2017-12-18,2017-12-24,2,yellow,9.099715,2430297.7,16171.2,20478.5,2393647.8,0.0,0.0,False,False,False,False,9.525,9.025,512.63,0.5,12,2017,18
2017-12-25,2017-12-31,2,yellow,8.600255,1835454.1,10618.7,24485.5,1800349.7,0.0,0.0,False,False,False,False,9.425,8.825,802.63,0.5,12,2017,25
2017-12-25,2017-12-31,2,red,8.119685,1835454.1,10618.7,24485.5,1800349.7,0.0,0.0,False,False,False,False,8.625,8.225,94.19,0.5,12,2017,25
2017-12-25,2017-12-31,2,green,7.225275000000001,1835454.1,10618.7,24485.5,1800349.7,0.0,0.0,False,False,False,False,7.625,7.025,5.17,0.5,12,2017,25
2018-01-01,2018-01-07,2,green,6.825255,2071561.7,40793.7,23561.0,2007206.9,0.0,0.0,False,False,False,False,7.525,6.925000000000001,35.15,12.219999999999995,1,2018,1
2018-01-01,2018-01-07,2,yellow,8.400245,2071561.7,40793.7,23561.0,2007206.9,0.0,0.0,False,False,False,False,7.425,6.825,540.29,61.24176991150441,1,2018,1
2018-01-01,2018-01-07,2,red,7.925325,2071561.7,40793.7,23561.0,2007206.9,0.0,0.0,False,False,False,False,7.324999999999999,6.725,125.56,12.14350442477876,1,2018,1
2018-01-08,2018-01-14,2,green,6.724685,2393101.7,37685.3,20366.4,2335049.9,0.0,0.0,False,False,False,False,7.225,6.625,31.14,16.43,1,2018,8
2018-01-08,2018-01-14,2,red,7.659775000000001,2393101.7,37685.3,20366.4,2335049.9,0.0,0.0,False,False,False,False,8.125,7.725,96.62,13.160398230088497,1,2018,8
2018-01-08,2018-01-14,2,yellow,8.064635,2393101.7,37685.3,20366.4,2335049.9,0.0,0.0,False,False,False,False,8.625,8.025,655.47,109.60982300884956,1,2018,8
2018-01-15,2018-01-21,2,yellow,7.924515,2481069.5,132161.4,20190.6,2328717.5,0.0,0.0,False,False,False,False,8.225,7.825,476.85,96.3046017699115,1,2018,15
2018-01-15,2018-01-21,2,red,7.445075,2481069.5,132161.4,20190.6,2328717.5,0.0,0.0,False,False,False,False,8.025,7.325,86.28999999999999,12.59610619469026,1,2018,15
2018-01-15,2018-01-21,2,green,6.650105,2481069.5,132161.4,20190.6,2328717.5,0.0,0.0,False,False,False,False,7.025,6.525,50.66,18.23,1,2018,15
2018-01-22,2018-01-28,2,yellow,7.924515,2054735.5,122395.2,4331.3,1928008.8,0.0,0.0,False,False,False,False,8.525,7.825,850.78,70.03530973451328,1,2018,22
2018-01-22,2018-01-28,2,green,6.650105,2054735.5,122395.2,4331.3,1928008.8,0.0,0.0,False,False,False,False,6.925,6.525,40.72,24.630000000000003,1,2018,22
2018-01-22,2018-01-28,2,red,7.344505,2054735.5,122395.2,4331.3,1928008.8,0.0,0.0,False,False,False,False,8.025,7.425,98.87,18.586283185840703,1,2018,22
2018-01-29,2018-02-04,2,green,6.650105,2148732.4,119542.8,0.0,2029189.6,0.0,0.0,False,False,False,False,6.925,6.525,35.67,14.95,1,2018,29
2018-01-29,2018-02-04,2,red,7.344505,2148732.4,119542.8,0.0,2029189.6,0.0,0.0,False,False,False,False,7.825,7.325,125.55,9.113893805309733,1,2018,29
2018-01-29,2018-02-04,2,yellow,8.131305000000001,2148732.4,119542.8,0.0,2029189.6,0.0,0.0,False,False,False,False,8.625,8.025,1159.86,71.74274336283186,1,2018,29
2018-02-05,2018-02-11,2,green,6.689655,1782952.3,137884.8,0.0,1645067.4,0.0,0.0,False,False,False,False,7.025,6.625,52.13,4.590000000000001,2,2018,5
2018-02-05,2018-02-11,2,red,7.424735,1782952.3,137884.8,0.0,1645067.4,0.0,0.0,False,False,False,False,8.025,7.425,122.66,3.036902654867256,2,2018,5
2018-02-05,2018-02-11,2,yellow,8.435275,1782952.3,137884.8,0.0,1645067.4,0.0,0.0,False,False,False,False,9.025,8.325,447.18,63.60274336283186,2,2018,5
2018-02-12,2018-02-18,2,green,6.689655,2322588.1,193431.9,0.0,2129156.1,0.0,0.0,False,False,False,False,6.825,6.625,74.67999999999999,12.03,2,2018,12
2018-02-12,2018-02-18,2,red,7.449595,2322588.1,193431.9,0.0,2129156.1,0.0,0.0,False,False,False,False,7.925,7.325,86.92999999999999,10.478814159292035,2,2018,12
2018-02-12,2018-02-18,2,yellow,8.555055,2322588.1,193431.9,0.0,2129156.1,0.0,0.0,False,False,False,False,9.025,8.625,626.6600000000001,95.25849557522126,2,2018,12
2018-02-19,2018-02-25,2,yellow,8.549405,2404887.7,228233.2,0.0,2176654.5,0.0,0.0,False,False,False,False,8.925,8.625,850.7,67.14637168141591,2,2018,19
2018-02-19,2018-02-25,2,green,6.674965,2404887.7,228233.2,0.0,2176654.5,0.0,0.0,False,False,False,False,6.825,6.525,51.71,8.069999999999997,2,2018,19
2018-02-19,2018-02-25,2,red,6.974995,2404887.7,228233.2,0.0,2176654.5,0.0,0.0,False,False,False,False,7.625,7.025,114.32,9.036725663716812,2,2018,19
2018-02-26,2018-03-04,2,red,7.0653950000000005,2296489.8,220612.6,0.0,2075877.1,0.0,0.0,False,False,False,False,7.525,6.825,111.72,11.73424778761062,2,2018,26
2018-02-26,2018-03-04,2,green,6.575525,2296489.8,220612.6,0.0,2075877.1,0.0,0.0,False,False,False,False,6.725,6.425,43.27,15.509999999999996,2,2018,26
2018-02-26,2018-03-04,2,yellow,8.474825000000001,2296489.8,220612.6,0.0,2075877.1,0.0,0.0,False,False,False,False,8.925,8.425,540.39,62.76371681415928,2,2018,26
2018-03-05,2018-03-11,3,yellow,8.474825000000001,2361279.2,309170.3,0.0,2052108.9,0.0,0.0,False,False,False,False,8.825,8.425,717.65,87.83203539823009,3,2018,5
2018-03-05,2018-03-11,3,green,6.650105,2361279.2,309170.3,0.0,2052108.9,0.0,0.0,False,False,False,False,6.825,6.425,41.78,24.099999999999994,3,2018,5
2018-03-05,2018-03-11,3,red,7.075565,2361279.2,309170.3,0.0,2052108.9,0.0,0.0,False,False,False,False,7.625,7.025,112.48,16.300176991150437,3,2018,5
2018-03-12,2018-03-18,3,yellow,8.499685,2355179.7,187940.7,0.0,2167239.0,0.0,0.0,False,False,False,False,8.925,8.325,726.64,74.96699115044247,3,2018,12
2018-03-12,2018-03-18,3,red,7.424735,2355179.7,187940.7,0.0,2167239.0,0.0,0.0,False,False,False,False,8.125,7.325,101.36,12.66362831858407,3,2018,12
2018-03-12,2018-03-18,3,green,6.699825000000001,2355179.7,187940.7,0.0,2167239.0,0.0,0.0,False,False,False,False,7.025,6.625,43.5,15.649999999999997,3,2018,12
2018-03-19,2018-03-25,3,green,6.74988,2077774.5,226687.7,0.0,1851086.8,0.0,0.0,False,False,False,False,7.125,6.625,52.78,18.09,3,2018,19
2018-03-19,2018-03-25,3,red,7.71548,2077774.5,226687.7,0.0,1851086.8,0.0,0.0,False,False,False,False,8.325,7.625,90.46,10.087654867256632,3,2018,19
2018-03-19,2018-03-25,3,yellow,8.52036,2077774.5,226687.7,0.0,1851086.8,0.0,0.0,False,False,False,False,9.025,8.425,529.53,52.02159292035397,3,2018,19
2018-03-26,2018-04-01,3,red,7.86464,1776202.9,373969.0,0.0,1402233.8,0.0,0.0,True,False,False,False,8.325,7.725,74.28,12.316371681415928,3,2018,26
2018-03-26,2018-04-01,3,green,6.94989,1776202.9,373969.0,0.0,1402233.8,0.0,0.0,True,False,False,False,7.225,6.825,65.78999999999999,18.23,3,2018,26
2018-03-26,2018-04-01,3,yellow,8.60059,1776202.9,373969.0,0.0,1402233.8,0.0,0.0,True,False,False,False,9.025,8.625,521.39,48.01654867256637,3,2018,26
2018-04-02,2018-04-08,3,red,7.8895,2619170.5,497965.5,0.0,2121205.0,0.0,0.0,True,False,False,False,8.325,7.825,72.0,24.827256637168148,4,2018,2
2018-04-02,2018-04-08,3,green,6.94989,2619170.5,497965.5,0.0,2121205.0,0.0,0.0,True,False,False,False,7.425,6.925,56.78,34.489999999999995,4,2018,2
2018-04-02,2018-04-08,3,yellow,8.62997,2619170.5,497965.5,0.0,2121205.0,0.0,0.0,True,False,False,False,9.025,8.525,904.66,64.45230088495575,4,2018,2
2018-04-09,2018-04-15,3,green,7.04933,2949128.6,592828.1,0.0,2356300.5,0.0,0.0,True,False,False,False,7.425,7.025,86.49,31.769999999999992,4,2018,9
2018-04-09,2018-04-15,3,red,8.12002,2949128.6,592828.1,0.0,2356300.5,0.0,0.0,True,False,False,False,8.425,7.925,135.97,24.672920353982303,4,2018,9
2018-04-09,2018-04-15,3,yellow,8.85484,2949128.6,592828.1,0.0,2356300.5,0.0,0.0,True,False,False,False,9.025,8.625,619.58,94.00858407079647,4,2018,9
2018-04-16,2018-04-22,3,yellow,8.939589999999999,3034054.0,660820.1,0.0,2373233.8,0.0,0.0,True,False,False,False,9.025,8.725,757.53,78.66,4,2018,16
2018-04-16,2018-04-22,3,red,8.00024,3034054.0,660820.1,0.0,2373233.8,0.0,0.0,True,False,False,False,8.425,8.025,116.47,22.38120353982301,4,2018,16
2018-04-16,2018-04-22,3,green,7.05046,3034054.0,660820.1,0.0,2373233.8,0.0,0.0,True,False,False,False,7.425,6.925,84.32000000000001,29.43,4,2018,16
2018-04-23,2018-04-29,3,green,6.7996,2625377.3,747210.0,0.0,1878167.3,0.0,0.0,True,False,False,False,7.225,6.725,66.41,11.889999999999995,4,2018,23
2018-04-23,2018-04-29,3,red,7.73469,2625377.3,747210.0,0.0,1878167.3,0.0,0.0,True,False,False,False,8.225,7.725,139.43,7.974725663716813,4,2018,23
2018-04-23,2018-04-29,3,yellow,8.54974,2625377.3,747210.0,0.0,1878167.3,0.0,0.0,True,False,False,False,8.825,8.525,695.9100000000001,26.473451327433636,4,2018,23
2018-04-30,2018-05-06,3,red,7.34936,1971040.3,606792.5,0.0,1349195.1,15052.6,0.0,True,False,False,False,8.125,7.525,154.69,13.203805309734513,4,2018,30
2018-04-30,2018-05-06,3,green,6.65948,1971040.3,606792.5,0.0,1349195.1,15052.6,0.0,True,False,False,False,7.025,6.725,75.89,15.99,4,2018,30
2018-04-30,2018-05-06,3,yellow,8.349730000000001,1971040.3,606792.5,0.0,1349195.1,15052.6,0.0,True,False,False,False,8.825,8.525,925.2,37.23699115044246,4,2018,30
2018-05-07,2018-05-13,3,yellow,8.45482,2251369.8,590270.0,0.0,1654648.6,6451.1,0.0,True,False,False,False,9.025,8.425,588.5,62.252831858407056,5,2018,7
2018-05-07,2018-05-13,3,green,6.65044,2251369.8,590270.0,0.0,1654648.6,6451.1,0.0,True,False,False,False,7.025,6.725,57.44,24.75,5,2018,7
2018-05-07,2018-05-13,3,red,7.23975,2251369.8,590270.0,0.0,1654648.6,6451.1,0.0,True,False,False,False,8.125,7.525,123.23,18.397964601769917,5,2018,7
2018-05-14,2018-05-20,3,green,6.74988,2485894.8,615689.1,0.0,1857303.3,12902.2,0.0,True,False,False,False,7.025,6.625,51.12,16.169999999999998,5,2018,14
2018-05-14,2018-05-20,3,red,7.350490000000001,2485894.8,615689.1,0.0,1857303.3,12902.2,0.0,True,False,False,False,7.825,7.425,91.89,10.80199115044248,5,2018,14
2018-05-14,2018-05-20,3,yellow,8.53053,2485894.8,615689.1,0.0,1857303.3,12902.2,0.0,True,False,False,False,8.725,8.425,436.34,41.13690265486726,5,2018,14
2018-05-21,2018-05-27,3,yellow,8.43561,2640650.4,648364.1,0.0,1901735.8,90550.3,0.0,True,False,False,False,8.925,8.425,578.9399999999999,48.3567256637168,5,2018,21
2018-05-21,2018-05-27,3,red,7.309810000000001,2640650.4,648364.1,0.0,1901735.8,90550.3,0.0,True,False,False,False,7.825,7.325,121.79,16.4733185840708,5,2018,21
2018-05-21,2018-05-27,3,green,6.67982,2640650.4,648364.1,0.0,1901735.8,90550.3,0.0,True,False,False,False,7.025,6.625,108.86,17.809999999999995,5,2018,21
2018-05-28,2018-06-03,3,yellow,8.33504,2459835.4,445987.0,0.0,1806501.7,207346.7,0.0,True,True,False,True,8.825,8.225,639.1600000000001,46.04964601769912,5,2018,28
2018-05-28,2018-06-03,3,red,7.24992,2459835.4,445987.0,0.0,1806501.7,207346.7,0.0,True,True,False,True,7.725,7.225,105.48,7.937079646017696,5,2018,28
2018-05-28,2018-06-03,3,green,6.67982,2459835.4,445987.0,0.0,1806501.7,207346.7,0.0,True,True,False,True,6.825,6.625,66.61,14.139999999999995,5,2018,28
2018-06-04,2018-06-10,1,yellow,8.25029,2459210.1,579548.0,0.0,1626549.6,253112.4,0.0,True,True,False,True,8.725,8.125,451.32,37.03699115044248,6,2018,4
2018-06-04,2018-06-10,1,red,7.049910000000001,2459210.1,579548.0,0.0,1626549.6,253112.4,0.0,True,True,False,True,7.725,7.225,88.03999999999999,9.56725663716814,6,2018,4
2018-06-04,2018-06-10,1,green,6.6097600000000005,2459210.1,579548.0,0.0,1626549.6,253112.4,0.0,True,True,False,True,6.925,6.625,112.84,17.34,6,2018,4
2018-06-11,2018-06-17,1,red,7.49965,2297302.6,553497.1,0.0,1432256.1,311549.4,0.0,True,True,False,True,7.825,7.425,96.42,11.3662389380531,6,2018,11
2018-06-11,2018-06-17,1,green,6.70016,2297302.6,553497.1,0.0,1432256.1,311549.4,0.0,True,True,False,True,7.025,6.625,77.26,17.869999999999997,6,2018,11
2018-06-11,2018-06-17,1,yellow,8.27967,2297302.6,553497.1,0.0,1432256.1,311549.4,0.0,True,True,False,True,8.625,8.225,415.92,43.72884955752211,6,2018,11
2018-06-18,2018-06-24,1,yellow,8.41527,2228327.1,499750.7,0.0,1374693.2,353883.0,0.0,True,True,False,True,8.825,8.225,535.51,45.38460176991151,6,2018,18
2018-06-18,2018-06-24,1,red,7.6748,2228327.1,499750.7,0.0,1374693.2,353883.0,0.0,True,True,False,True,8.125,7.525,154.79000000000002,11.650796460176988,6,2018,18
2018-06-18,2018-06-24,1,green,6.85045,2228327.1,499750.7,0.0,1374693.2,353883.0,0.0,True,True,False,True,7.325,6.725,117.82,16.740000000000006,6,2018,18
2018-06-25,2018-07-01,1,yellow,8.5746,2715587.3,591221.1,0.0,1713644.3,410721.8,0.0,True,True,False,True,9.025,8.425,540.75,60.53681415929204,6,2018,25
2018-06-25,2018-07-01,1,green,7.10018,2715587.3,591221.1,0.0,1713644.3,410721.8,0.0,True,True,False,True,7.525,7.025,108.84,18.28,6,2018,25
2018-06-25,2018-07-01,1,red,8.074819999999999,2715587.3,591221.1,0.0,1713644.3,410721.8,0.0,True,True,False,True,8.425,7.825,119.05,12.055929203539822,6,2018,25
2018-07-02,2018-07-08,1,green,7.300190000000001,2485804.7,523735.5,0.0,1544896.2,417172.9,0.0,True,True,False,True,7.525,7.125,96.78,15.43,7,2018,2
2018-07-02,2018-07-08,1,red,8.249970000000001,2485804.7,523735.5,0.0,1544896.2,417172.9,0.0,True,True,False,True,8.425,8.025,115.06,11.891946902654867,7,2018,2
2018-07-02,2018-07-08,1,yellow,8.55991,2485804.7,523735.5,0.0,1544896.2,417172.9,0.0,True,True,False,True,9.025,8.525,613.89,64.27336283185839,7,2018,2
2018-07-09,2018-07-15,1,yellow,8.36555,2392310.9,593379.3,0.0,1252736.0,546195.5,0.0,True,True,False,True,8.825,8.225,627.75,38.49566371681416,7,2018,9
2018-07-09,2018-07-15,1,green,7.54992,2392310.9,593379.3,0.0,1252736.0,546195.5,0.0,True,True,False,True,7.525,7.125,82.32000000000001,11.35,7,2018,9
2018-07-09,2018-07-15,1,red,8.46015,2392310.9,593379.3,0.0,1252736.0,546195.5,0.0,True,True,False,True,8.625,8.225,85.4,6.046460176991151,7,2018,9
2018-07-16,2018-07-22,1,yellow,8.14955,1972347.4,406257.9,0.0,1017743.5,548345.9,0.0,True,True,False,True,8.625,8.225,646.29,51.578053097345126,7,2018,16
2018-07-16,2018-07-22,1,red,8.44981,1972347.4,406257.9,0.0,1017743.5,548345.9,0.0,True,True,False,True,8.725,8.225,105.02,10.07069026548672,7,2018,16
2018-07-16,2018-07-22,1,green,7.55992,1972347.4,406257.9,0.0,1017743.5,548345.9,0.0,True,True,False,True,7.525,7.025,114.83,17.73999999999999,7,2018,16
2018-07-23,2018-07-29,1,yellow,8.23995,2242704.2,315839.1,0.0,1161228.8,765636.3,0.0,True,True,False,True,8.925,8.225,471.77,69.1855752212389,7,2018,23
2018-07-23,2018-07-29,1,red,8.44981,2242704.2,315839.1,0.0,1161228.8,765636.3,0.0,True,True,False,True,8.725,8.225,95.77,16.078318584070804,7,2018,23
2018-07-23,2018-07-29,1,green,7.55992,2242704.2,315839.1,0.0,1161228.8,765636.3,0.0,True,True,False,True,7.725,7.125,78.88,21.249999999999996,7,2018,23
2018-07-30,2018-08-05,1,red,8.9504,2401694.9,301737.0,0.0,1317221.0,782736.9,0.0,True,True,True,True,9.825,8.725,99.5,15.683238938053094,7,2018,30
2018-07-30,2018-08-05,1,green,8.14526,2401694.9,301737.0,0.0,1317221.0,782736.9,0.0,True,True,True,True,8.825,7.625,73.33,21.75,7,2018,30
2018-07-30,2018-08-05,1,yellow,9.42984,2401694.9,301737.0,0.0,1317221.0,782736.9,0.0,True,True,True,True,10.225,8.925,719.54,48.875221238938046,7,2018,30
2018-08-06,2018-08-12,1,yellow,10.64459,2568537.3,328166.3,0.0,1552250.5,688120.3,0.0,True,True,True,True,11.125,10.325,628.71,44.05460176991151,8,2018,6
2018-08-06,2018-08-12,1,green,9.14983,2568537.3,328166.3,0.0,1552250.5,688120.3,0.0,True,True,True,True,9.225,8.325,55.0,25.660000000000004,8,2018,6
2018-08-06,2018-08-12,1,red,10.15046,2568537.3,328166.3,0.0,1552250.5,688120.3,0.0,True,True,True,True,10.425,9.725,95.73,15.065486725663714,8,2018,6
2018-08-13,2018-08-19,1,yellow,10.65024,2560620.5,391227.4,15026.0,1543660.3,610706.7,0.0,True,True,True,True,11.025,10.225,506.56000000000006,16.119999999999997,8,2018,13
2018-08-13,2018-08-19,1,red,9.62049,2560620.5,391227.4,15026.0,1543660.3,610706.7,0.0,True,True,True,True,10.325,9.025,73.61,3.181592920353982,8,2018,13
2018-08-13,2018-08-19,1,green,8.45036,2560620.5,391227.4,15026.0,1543660.3,610706.7,0.0,True,True,True,True,9.225,7.725,75.14,3.98,8,2018,13
2018-08-20,2018-08-26,1,green,7.539580000000001,2177766.4,400348.1,31987.4,1158378.0,587052.6,0.0,True,True,True,True,8.525,7.425,69.45,8.76,8,2018,20
2018-08-20,2018-08-26,1,red,8.3402,2177766.4,400348.1,31987.4,1158378.0,587052.6,0.0,True,True,True,True,9.625,8.025,88.81,9.17320353982301,8,2018,20
2018-08-20,2018-08-26,1,yellow,9.01061,2177766.4,400348.1,31987.4,1158378.0,587052.6,0.0,True,True,True,True,10.525,9.025,465.43,39.2808849557522,8,2018,20
2018-08-27,2018-09-02,1,red,8.000070000000001,1747077.5,270148.6,83162.7,813164.6,580601.5,0.0,False,False,True,True,8.425,7.525,107.99,12.04628318584071,8,2018,27
2018-08-27,2018-09-02,1,green,7.20058,1747077.5,270148.6,83162.7,813164.6,580601.5,0.0,False,False,True,True,7.625,6.925,110.46,13.089999999999998,8,2018,27
2018-08-27,2018-09-02,1,yellow,8.57556,1747077.5,270148.6,83162.7,813164.6,580601.5,0.0,False,False,True,True,9.225,8.325,491.61,26.33070796460177,8,2018,27
2018-09-03,2018-09-09,1,red,7.80006,1999948.7,143204.4,68275.4,1364844.7,423624.0,0.0,False,False,True,True,8.525,7.925,70.56,14.255221238938049,9,2018,3
2018-09-03,2018-09-09,1,yellow,8.60042,1999948.7,143204.4,68275.4,1364844.7,423624.0,0.0,False,False,True,True,9.125,8.425,415.6,75.7338053097345,9,2018,3
2018-09-03,2018-09-09,1,green,7.02543,1999948.7,143204.4,68275.4,1364844.7,423624.0,0.0,False,False,True,True,7.425,7.025,49.54,17.890000000000004,9,2018,3
2018-09-10,2018-09-16,1,green,7.06046,2331402.5,171581.8,285742.0,1594529.7,279548.8,0.0,False,False,True,True,7.425,7.025,46.69,10.109999999999996,9,2018,10
2018-09-10,2018-09-16,1,red,7.919840000000001,2331402.5,171581.8,285742.0,1594529.7,279548.8,0.0,False,False,True,True,8.425,7.825,78.92999999999999,9.449008849557524,9,2018,10
2018-09-10,2018-09-16,1,yellow,8.61963,2331402.5,171581.8,285742.0,1594529.7,279548.8,0.0,False,False,True,True,8.825,8.425,380.23,71.78575221238937,9,2018,10
2018-09-17,2018-09-23,1,yellow,8.22526,2237215.7,137997.2,258364.0,1664308.5,176545.8,0.0,False,False,True,True,8.625,8.025,463.17,52.3179646017699,9,2018,17
2018-09-17,2018-09-23,1,red,7.83509,2237215.7,137997.2,258364.0,1664308.5,176545.8,0.0,False,False,True,True,8.425,7.825,67.57000000000001,10.044690265486723,9,2018,17
2018-09-17,2018-09-23,1,green,7.1248700000000005,2237215.7,137997.2,258364.0,1664308.5,176545.8,0.0,False,False,True,True,7.425,7.025,54.11,11.919999999999998,9,2018,17
2018-09-24,2018-09-30,1,green,7.000570000000001,1778691.6,89013.6,241125.9,1338882.8,109669.2,0.0,False,False,True,True,7.425,7.025,78.02000000000001,34.87999999999999,9,2018,24
2018-09-24,2018-09-30,1,yellow,7.72467,1778691.6,89013.6,241125.9,1338882.8,109669.2,0.0,False,False,True,True,8.425,7.825,462.43,75.99707964601768,9,2018,24
2018-09-24,2018-09-30,1,red,7.529990000000001,1778691.6,89013.6,241125.9,1338882.8,109669.2,0.0,False,False,True,True,8.225,7.625,55.27,20.407787610619472,9,2018,24
2018-10-01,2018-10-07,2,yellow,7.72467,2024059.4,66203.9,187837.7,1733461.3,36556.3,0.0,False,False,True,False,8.225,7.825,460.68,62.193362831858416,10,2018,1
2018-10-01,2018-10-07,2,green,7.000570000000001,2024059.4,66203.9,187837.7,1733461.3,36556.3,0.0,False,False,True,False,7.425,7.025,57.27,19.94,10,2018,1
2018-10-01,2018-10-07,2,red,7.63056,2024059.4,66203.9,187837.7,1733461.3,36556.3,0.0,False,False,True,False,8.125,7.625,70.06,15.537522123893805,10,2018,1
2018-10-08,2018-10-14,2,yellow,7.72467,1978109.8,36229.8,147038.1,1788390.6,6451.1,0.0,False,False,True,False,8.025,7.525,560.36,53.62097345132743,10,2018,8
2018-10-08,2018-10-14,2,red,7.60005,1978109.8,36229.8,147038.1,1788390.6,6451.1,0.0,False,False,True,False,7.925,7.425,78.35,11.885309734513276,10,2018,8
2018-10-08,2018-10-14,2,green,7.000570000000001,1978109.8,36229.8,147038.1,1788390.6,6451.1,0.0,False,False,True,False,7.325,6.925,72.91,9.930000000000003,10,2018,8
2018-10-15,2018-10-21,2,red,7.58197,1881694.1,35693.2,90812.1,1755188.7,0.0,0.0,False,False,True,False,7.825,7.425,51.7,13.318407079646017,10,2018,15
2018-10-15,2018-10-21,2,green,6.9,1881694.1,35693.2,90812.1,1755188.7,0.0,0.0,False,False,True,False,7.225,6.925,56.91,14.830000000000002,10,2018,15
2018-10-15,2018-10-21,2,yellow,7.35968,1881694.1,35693.2,90812.1,1755188.7,0.0,0.0,False,False,True,False,7.925,7.525,454.49,57.89075221238937,10,2018,15
2018-10-22,2018-10-28,2,red,7.32546,1969712.8,15095.5,112500.2,1842117.0,0.0,0.0,False,False,True,False,7.625,7.225,67.51,8.968477876106192,10,2018,22
2018-10-22,2018-10-28,2,green,6.74971,1969712.8,15095.5,112500.2,1842117.0,0.0,0.0,False,False,True,False,7.225,6.825,64.84,8.199999999999998,10,2018,22
2018-10-22,2018-10-28,2,yellow,7.32465,1969712.8,15095.5,112500.2,1842117.0,0.0,0.0,False,False,True,False,7.825,7.425,680.8399999999999,66.85911504424777,10,2018,22
2018-10-29,2018-11-04,2,green,6.84011,714875.6,0.0,103573.6,611302.0,0.0,0.0,False,False,False,False,7.425,6.825,55.46,3.4799999999999995,10,2018,29
2018-10-29,2018-11-04,2,yellow,7.4998,714875.6,0.0,103573.6,611302.0,0.0,0.0,False,False,False,False,8.325,7.625,530.65,26.669646017699115,10,2018,29
2018-10-29,2018-11-04,2,red,7.37518,714875.6,0.0,103573.6,611302.0,0.0,0.0,False,False,False,False,8.025,7.225,105.24,1.397079646017699,10,2018,29
2018-11-05,2018-11-11,2,green,6.84011,325471.0,0.0,105349.5,220121.5,0.0,0.0,False,False,False,False,8.085,7.285,61.56,0.5,11,2018,5
2018-11-05,2018-11-11,2,yellow,7.4998,325471.0,0.0,105349.5,220121.5,0.0,0.0,False,False,False,False,8.145,7.345,517.26,0.5,11,2018,5
2018-11-05,2018-11-11,2,red,7.35032,325471.0,0.0,105349.5,220121.5,0.0,0.0,False,False,False,False,8.205,7.404999999999999,59.83,0.5,11,2018,5
2018-11-12,2018-11-18,2,green,6.979100000000001,2038064.7,0.0,159353.6,1878711.0,0.0,0.0,False,False,False,False,8.265,7.465,58.64,14.909999999999997,11,2018,12
2018-11-12,2018-11-18,2,red,7.74469,2038064.7,0.0,159353.6,1878711.0,0.0,0.0,False,False,False,False,8.325,7.525,103.25,17.402654867256636,11,2018,12
2018-11-12,2018-11-18,2,yellow,8.15972,2038064.7,0.0,159353.6,1878711.0,0.0,0.0,False,False,False,False,8.385,7.585,230.87,87.00694690265487,11,2018,12
2018-11-19,2018-11-25,2,green,6.959890000000001,3179883.9,0.0,83217.9,3096665.9,0.0,0.0,False,False,False,False,8.445,7.645,70.53,14.95,11,2018,19
2018-11-19,2018-11-25,2,red,7.67011,3179883.9,0.0,83217.9,3096665.9,0.0,0.0,False,False,False,False,8.505,7.705,71.28999999999999,13.04300884955752,11,2018,19
2018-11-19,2018-11-25,2,yellow,8.11452,3179883.9,0.0,83217.9,3096665.9,0.0,0.0,False,False,False,False,8.565,7.765000000000001,399.85,80.05141592920353,11,2018,19
2018-11-26,2018-12-02,2,yellow,8.015080000000001,2503934.6,0.0,107853.7,2396080.8,0.0,0.0,False,False,False,False,8.625,7.825,402.16,47.05097345132743,11,2018,26
2018-11-26,2018-12-02,2,green,6.9,2503934.6,0.0,107853.7,2396080.8,0.0,0.0,False,False,False,False,7.825,7.025,61.92999999999999,10.01,11,2018,26
2018-11-26,2018-12-02,2,red,7.61474,2503934.6,0.0,107853.7,2396080.8,0.0,0.0,False,False,False,False,8.225,7.625,68.02000000000001,9.47070796460177,11,2018,26
2018-12-03,2018-12-09,2,green,6.850280000000001,2495197.2,0.0,160783.8,2334413.4,0.0,0.0,False,False,False,False,7.325,6.825,44.72,15.43,12,2018,3
2018-12-03,2018-12-09,2,red,7.249750000000001,2495197.2,0.0,160783.8,2334413.4,0.0,0.0,False,False,False,False,7.725,7.225,118.91,13.925132743362832,12,2018,3
2018-12-03,2018-12-09,2,yellow,7.471550000000001,2495197.2,0.0,160783.8,2334413.4,0.0,0.0,False,False,False,False,7.925,7.325,458.16,96.7400884955752,12,2018,3
2018-12-10,2018-12-16,2,green,6.759880000000001,2270036.3,86.1,145997.7,2123952.4,0.0,0.0,False,False,False,False,7.125,6.625,59.220000000000006,17.580000000000002,12,2018,10
2018-12-10,2018-12-16,2,red,7.10059,2270036.3,86.1,145997.7,2123952.4,0.0,0.0,False,False,False,False,7.425,7.025,123.91,14.428849557522124,12,2018,10
2018-12-10,2018-12-16,2,yellow,7.25007,2270036.3,86.1,145997.7,2123952.4,0.0,0.0,False,False,False,False,7.825,7.125,555.73,71.97920353982299,12,2018,10
2018-12-17,2018-12-23,2,green,6.61976,2152218.6,43.0,95510.3,2056665.1,0.0,0.0,False,False,False,False,7.025,6.625,38.75,25.660000000000004,12,2018,17
2018-12-17,2018-12-23,2,red,6.84521,2152218.6,43.0,95510.3,2056665.1,0.0,0.0,False,False,False,False,7.525,6.825,103.37,18.00520353982301,12,2018,17
2018-12-17,2018-12-23,2,yellow,7.0749200000000005,2152218.6,43.0,95510.3,2056665.1,0.0,0.0,False,False,False,False,7.525,7.025,572.52,93.98884955752212,12,2018,17
2018-12-24,2018-12-30,2,yellow,7.10995,1530446.4,81.6,84187.0,1446177.7,0.0,0.0,False,False,False,False,7.525,7.025,573.92,46.15840707964601,12,2018,24
2018-12-24,2018-12-30,2,red,6.880240000000001,1530446.4,81.6,84187.0,1446177.7,0.0,0.0,False,False,False,False,7.325,6.825,142.55,7.989115044247788,12,2018,24
2018-12-24,2018-12-30,2,green,6.65479,1530446.4,81.6,84187.0,1446177.7,0.0,0.0,False,False,False,False,6.925,6.525,60.45,10.4,12,2018,24
2018-12-31,2019-01-06,2,yellow,7.26024,1798243.8,0.0,50405.1,1747838.6,0.0,0.0,False,False,False,False,7.625,7.025,521.36,57.43110619469026,12,2018,31
2018-12-31,2019-01-06,2,red,7.05991,1798243.8,0.0,50405.1,1747838.6,0.0,0.0,False,False,False,False,7.325,6.725,133.55,8.724796460176991,12,2018,31
2018-12-31,2019-01-06,2,green,6.720330000000001,1798243.8,0.0,50405.1,1747838.6,0.0,0.0,False,False,False,False,6.825,6.425,65.9,9.529999999999998,12,2018,31
